Student_ID,study_hours,attendance,group_discussion,previous_test_score,final_exam_pass
1,8,68,yes,98,Fail
2,16,97,yes,34,Fail
3,12,65,yes,32,Fail
4,9,52,yes,82,Fail
5,8,69,yes,52,Fail
6,12,73,yes,82,Fail
7,12,82,no,66,Fail
8,5,73,yes,46,Fail
9,9,60,yes,30,Fail
10,4,98,no,80,Fail
11,3,57,no,74,Fail
12,13,85,yes,33,Fail
13,7,87,yes,91,Fail
14,3,89,yes,94,Fail
15,2,69,yes,61,Fail
16,13,84,no,63,Fail
17,13,97,no,68,Fail
18,18,74,yes,55,Fail
19,11,84,yes,63,Fail
20,17,74,no,83,Fail
21,16,78,yes,32,Fail
22,16,67,yes,79,Fail
23,13,95,yes,41,Fail
24,4,67,yes,94,Fail
25,6,51,no,83,Fail
26,8,84,no,34,Fail
27,10,65,no,86,Fail
28,8,90,yes,46,Fail
29,5,85,no,76,Fail
30,15,82,yes,52,Fail
31,10,53,yes,43,Fail
32,3,82,yes,95,Fail
33,16,63,no,80,Fail
34,8,70,no,67,Fail
35,13,97,yes,93,Pass
36,9,69,no,67,Fail
37,16,57,yes,79,Fail
38,4,56,yes,59,Fail
39,15,52,yes,80,Fail
40,18,66,yes,92,Fail
41,5,82,yes,81,Fail
42,9,97,yes,67,Fail
43,5,61,yes,59,Fail
44,3,100,yes,80,Fail
45,7,71,yes,34,Fail
46,11,71,yes,58,Fail
47,5,95,yes,33,Fail
48,13,79,yes,39,Fail
49,3,87,yes,85,Fail
50,11,87,yes,46,Fail
51,5,94,yes,46,Fail
52,15,100,yes,98,Pass
53,17,57,no,63,Fail
54,16,76,yes,35,Fail
55,9,76,yes,82,Fail
56,15,83,no,95,Fail
57,9,70,yes,72,Fail
58,17,79,yes,52,Fail
59,14,82,yes,84,Fail
60,16,77,yes,45,Fail
61,14,96,no,37,Fail
62,10,82,yes,33,Fail
63,16,54,yes,33,Fail
64,14,97,yes,85,Pass
65,2,68,no,54,Fail
66,8,53,yes,96,Fail
67,10,84,yes,96,Fail
68,2,98,yes,56,Fail
69,13,66,no,61,Fail
70,9,93,yes,79,Fail
71,12,77,yes,90,Fail
72,18,79,yes,80,Fail
73,9,78,yes,48,Fail
74,4,95,yes,50,Fail
75,4,55,yes,34,Fail
76,2,84,yes,71,Fail
77,6,90,yes,90,Fail
78,11,86,no,51,Fail
79,8,73,no,50,Fail
80,10,78,yes,99,Fail
81,8,98,no,30,Fail
82,10,95,yes,34,Fail
83,9,80,yes,41,Fail
84,13,84,yes,75,Fail
85,3,82,yes,63,Fail
86,2,70,yes,78,Fail
87,17,81,yes,74,Fail
88,6,72,yes,56,Fail
89,4,82,yes,55,Fail
90,13,52,no,76,Fail
91,9,67,no,85,Fail
92,4,74,yes,92,Fail
93,2,91,no,77,Fail
94,4,80,no,90,Fail
95,6,52,no,55,Fail
96,16,89,yes,65,Fail
97,15,95,no,30,Fail
98,4,73,yes,37,Fail
99,2,99,no,81,Fail
100,6,81,no,76,Fail
101,15,96,yes,85,Pass
102,8,71,no,43,Fail
103,10,72,no,57,Fail
104,16,51,no,31,Fail
105,16,76,yes,55,Fail
106,11,91,yes,43,Fail
107,14,51,yes,88,Fail
108,8,75,no,85,Fail
109,18,66,yes,36,Fail
110,5,89,yes,32,Fail
111,6,82,yes,52,Fail
112,8,58,yes,47,Fail
113,14,92,no,67,Fail
114,16,97,no,44,Fail
115,12,88,yes,93,Fail
116,5,78,no,57,Fail
117,14,91,yes,68,Fail
118,8,75,yes,86,Fail
119,3,84,no,46,Fail
120,11,99,yes,73,Fail
121,14,74,yes,54,Fail
122,7,73,no,46,Fail
123,13,62,yes,42,Fail
124,13,56,yes,54,Fail
125,12,85,yes,97,Fail
126,8,94,yes,39,Fail
127,2,69,yes,96,Fail
128,2,50,yes,47,Fail
129,14,57,no,63,Fail
130,10,95,no,37,Fail
131,4,65,no,69,Fail
132,8,63,no,71,Fail
133,7,61,yes,70,Fail
134,9,100,yes,35,Fail
135,10,72,yes,81,Fail
136,6,64,yes,55,Fail
137,2,77,yes,93,Fail
138,11,83,yes,88,Fail
139,13,51,yes,85,Fail
140,16,81,no,88,Fail
141,10,72,no,99,Fail
142,18,71,yes,62,Fail
143,18,100,yes,82,Pass
144,13,74,yes,51,Fail
145,8,71,no,50,Fail
146,3,71,no,99,Fail
147,4,98,yes,99,Pass
148,18,91,yes,33,Fail
149,6,55,yes,91,Fail
150,18,64,yes,91,Fail
151,18,92,yes,53,Fail
152,18,86,yes,84,Fail
153,3,82,no,38,Fail
154,3,57,yes,32,Fail
155,6,93,yes,60,Fail
156,2,93,no,69,Fail
157,2,54,no,65,Fail
158,3,88,no,53,Fail
159,13,53,yes,35,Fail
160,7,55,yes,95,Fail
161,5,94,yes,33,Fail
162,12,81,yes,35,Fail
163,18,79,yes,80,Fail
164,7,96,yes,91,Fail
165,6,84,yes,86,Fail
166,3,89,yes,95,Fail
167,7,65,yes,37,Fail
168,12,62,yes,55,Fail
169,17,99,yes,80,Pass
170,17,91,yes,74,Fail
171,2,79,yes,73,Fail
172,10,68,yes,34,Fail
173,7,66,yes,99,Fail
174,17,68,yes,55,Fail
175,4,77,yes,97,Fail
176,5,75,yes,48,Fail
177,4,86,yes,49,Fail
178,8,75,no,41,Fail
179,10,72,yes,76,Fail
180,2,58,yes,30,Fail
181,9,61,no,43,Fail
182,8,50,yes,93,Fail
183,9,50,no,67,Fail
184,2,96,yes,66,Fail
185,12,83,yes,40,Fail
186,11,81,yes,32,Fail
187,4,97,no,62,Fail
188,8,74,yes,35,Fail
189,17,89,no,79,Fail
190,17,94,yes,39,Fail
191,18,50,no,34,Fail
192,3,65,yes,52,Fail
193,2,88,no,39,Fail
194,17,54,yes,73,Fail
195,13,71,yes,31,Fail
196,6,78,yes,42,Fail
197,6,52,yes,69,Fail
198,10,61,yes,31,Fail
199,10,75,yes,94,Fail
200,4,65,yes,92,Fail
